<?xml version="1.0" encoding="UTF-8"?>
<project-private xmlns="http://www.netbeans.org/ns/project-private/1">
    <editor-bookmarks xmlns="http://www.netbeans.org/ns/editor-bookmarks/2" lastBookmarkId="0"/>
    <open-files xmlns="http://www.netbeans.org/ns/projectui-open-files/1">
        <file>file:/C:/Users/farzain/Documents/NetBeansProjects/lab4/web/index.jsp</file>
    </open-files>
    <open-files xmlns="http://www.netbeans.org/ns/projectui-open-files/2">
        <group>
            <file>file:/C:/Users/farzain/Documents/NetBeansProjects/WebApplication4/src/java/FetchcookieServlet.java</file>
            <file>file:/C:/Users/farzain/Documents/NetBeansProjects/WebApplication4/src/java/SetcookieServlet.java</file>
            <file>file:/C:/Users/farzain/Documents/NetBeansProjects/WebApplication4/web/index.jsp</file>
        </group>
    </open-files>
</project-private>
