<?xml version="1.0" encoding="UTF-8"?>
<project-private xmlns="http://www.netbeans.org/ns/project-private/1">
    <editor-bookmarks xmlns="http://www.netbeans.org/ns/editor-bookmarks/2" lastBookmarkId="0"/>
    <open-files xmlns="http://www.netbeans.org/ns/projectui-open-files/1">
        <file>file:/C:/Users/farzain/Documents/NetBeansProjects/Lab7/web/index.jsp</file>
        <file>file:/C:/Users/farzain/Documents/NetBeansProjects/Lab7/src/java/ButtonMoveApplet.java</file>
    </open-files>
    <open-files xmlns="http://www.netbeans.org/ns/projectui-open-files/2">
        <group>
            <file>file:/D:/Suhas(Advanced%20Java)/Lab7servlet/src/java/ButtonMoveApplet.java</file>
            <file>file:/D:/Suhas(Advanced%20Java)/Lab7servlet/web/index.jsp</file>
        </group>
    </open-files>
</project-private>
