<?xml version="1.0" encoding="UTF-8"?>
<project-private xmlns="http://www.netbeans.org/ns/project-private/1">
    <editor-bookmarks xmlns="http://www.netbeans.org/ns/editor-bookmarks/1"/>
    <editor-bookmarks xmlns="http://www.netbeans.org/ns/editor-bookmarks/2" lastBookmarkId="0"/>
    <open-files xmlns="http://www.netbeans.org/ns/projectui-open-files/1">
        <file>file:/C:/Users/farzain/Documents/NetBeansProjects/lab2/web/lab2.html</file>
        <file>file:/C:/Users/farzain/Documents/NetBeansProjects/lab2/web/WEB-INF/web.xml</file>
    </open-files>
    <open-files xmlns="http://www.netbeans.org/ns/projectui-open-files/2">
        <group>
            <file>file:/C:/Users/farzain/Documents/NetBeansProjects/WebApplication2/web/WEB-INF/web.xml</file>
            <file>file:/C:/Users/farzain/Documents/NetBeansProjects/WebApplication2/web/lab2.html</file>
            <file>file:/C:/Users/farzain/Documents/NetBeansProjects/WebApplication2/src/java/Lab2Servlet.java</file>
        </group>
    </open-files>
</project-private>
