<?xml version="1.0" encoding="UTF-8"?>
<project-private xmlns="http://www.netbeans.org/ns/project-private/1">
    <open-files xmlns="http://www.netbeans.org/ns/projectui-open-files/1">
        <file>file:/C:/Users/farzain/Documents/NetBeansProjects/lab5/web/home.jsp</file>
        <file>file:/C:/Users/farzain/Documents/NetBeansProjects/lab5/web/index.jsp</file>
        <file>file:/C:/Users/farzain/Documents/NetBeansProjects/lab5/web/index.html</file>
        <file>file:/C:/Users/farzain/Documents/NetBeansProjects/lab5/src/java/Loginverify.java</file>
    </open-files>
</project-private>
