<?xml version="1.0" encoding="UTF-8"?>
<project-private xmlns="http://www.netbeans.org/ns/project-private/1">
    <editor-bookmarks xmlns="http://www.netbeans.org/ns/editor-bookmarks/2" lastBookmarkId="0"/>
    <open-files xmlns="http://www.netbeans.org/ns/projectui-open-files/1">
        <file>file:/C:/Users/farzain/Documents/NetBeansProjects/lab3/web/L3page1.html</file>
    </open-files>
    <open-files xmlns="http://www.netbeans.org/ns/projectui-open-files/2">
        <group>
            <file>file:/C:/Users/farzain/Documents/NetBeansProjects/WebApplication3/web/index.jsp</file>
            <file>file:/C:/Users/farzain/Documents/NetBeansProjects/WebApplication3/web/L3page1.html</file>
            <file>file:/C:/Users/farzain/Documents/NetBeansProjects/WebApplication3/src/java/Lab3Servlet.java</file>
            <file>file:/C:/Users/farzain/Documents/NetBeansProjects/WebApplication3/web/WEB-INF/web.xml</file>
            <file>file:/C:/Users/farzain/Documents/NetBeansProjects/WebApplication3/web/L3page2.html</file>
        </group>
    </open-files>
</project-private>
