<?xml version="1.0" encoding="UTF-8"?>
<project-private xmlns="http://www.netbeans.org/ns/project-private/1">
    <editor-bookmarks xmlns="http://www.netbeans.org/ns/editor-bookmarks/1"/>
    <editor-bookmarks xmlns="http://www.netbeans.org/ns/editor-bookmarks/2" lastBookmarkId="0"/>
    <open-files xmlns="http://www.netbeans.org/ns/projectui-open-files/1">
        <file>file:/C:/Users/farzain/Documents/NetBeansProjects/lab8/web/newjsp.jsp</file>
        <file>file:/C:/Users/farzain/Documents/NetBeansProjects/lab8/web/index.jsp</file>
        <file>file:/C:/Users/farzain/Documents/NetBeansProjects/lab8/web/index.html</file>
    </open-files>
    <open-files xmlns="http://www.netbeans.org/ns/projectui-open-files/2">
        <group>
            <file>file:/C:/Users/farzain/Documents/NetBeansProjects/WebApplication8/src/java/org/mypack/Lab8Beans.java</file>
            <file>file:/C:/Users/farzain/Documents/NetBeansProjects/WebApplication8/web/index.html</file>
            <file>file:/C:/Users/farzain/Documents/NetBeansProjects/WebApplication8/web/newjsp.jsp</file>
        </group>
    </open-files>
</project-private>
